text,label
 Job gains have picked up in recent months and are running at a robust pace; the unemployment rate has remained low,-1
 Inflation remains elevated,1
" In determining the extent of future increases in the target range, the Committee will take into account the cumulative tightening of monetary policy, the lags with which monetary policy affects economic activity and inflation, and economic and financial developments",1
"The network of swap lines among these central banks is a set of available standing facilities and serve as an important liquidity backstop to ease strains in global funding markets, thereby helping to mitigate the effects of such strains on the supply of credit to households and businesses",-1
" The BTFP will be an additional source of liquidity against high-quality securities, eliminating an institution's need to quickly sell those securities in times of stress",-1
" These actions will reduce stress across the financial system, support financial stability and minimize any impact on businesses, households, taxpayers, and the broader economy",-1
" In addition, the discount window will apply the same margins used for the securities eligible for the BTFP, further increasing lendable value at the window",1
" Job gains have been robust in recent months, and the unemployment rate has remained low",-1
 Inflation has eased somewhat but remains elevated,1
 The Committee anticipates that ongoing increases in the target range will be appropriate in order to attain a stance of monetary policy that is sufficiently restrictive to return inflation to 2 percent over time,1
" In determining the extent of future increases in the target range, the Committee will take into account the cumulative tightening of monetary policy, the lags with which monetary policy affects economic activity and inflation, and economic and financial developments",1
" Job gains have been robust in recent months, and the unemployment rate has remained low",-1
" Inflation remains elevated, reflecting supply and demand imbalances related to the pandemic, higher food and energy prices, and broader price pressures",1
 The Committee anticipates that ongoing increases in the target range will be appropriate in order to attain a stance of monetary policy that is sufficiently restrictive to return inflation to 2 percent over time,1
" In determining the pace of future increases in the target range, the Committee will take into account the cumulative tightening of monetary policy, the lags with which monetary policy affects economic activity and inflation, and economic and financial developments",1
" Job gains have been robust in recent months, and the unemployment rate has remained low",-1
" Inflation remains elevated, reflecting supply and demand imbalances related to the pandemic, higher food and energy prices, and broader price pressures",1
 The Committee anticipates that ongoing increases in the target range will be appropriate in order to attain a stance of monetary policy that is sufficiently restrictive to return inflation to 2 percent over time,1
" In determining the pace of future increases in the target range, the Committee will take into account the cumulative tightening of monetary policy, the lags with which monetary policy affects economic activity and inflation, and economic and financial developments",1
" Job gains have been robust in recent months, and the unemployment rate has remained low",-1
" Inflation remains elevated, reflecting supply and demand imbalances related to the pandemic, higher food and energy prices, and broader price pressures",1
Recent indicators of spending and production have softened,-1
" Nonetheless, job gains have been robust in recent months, and the unemployment rate has remained low",-1
" Inflation remains elevated, reflecting supply and demand imbalances related to the pandemic, higher food and energy prices, and broader price pressures",1
" Job gains have been robust in recent months, and the unemployment rate has remained low",-1
" Inflation remains elevated, reflecting supply and demand imbalances related to the pandemic, higher energy prices, and broader price pressures",1
"Although overall economic activity edged down in the first quarter, household spending and business fixed investment remained strong",1
" Job gains have been robust in recent months, and the unemployment rate has declined substantially",-1
" Inflation remains elevated, reflecting supply and demand imbalances related to the pandemic, higher energy prices, and broader price pressures",1
" With appropriate firming in the stance of monetary policy, the Committee expects inflation to return to its 2 percent objective and the labor market to remain strong",1
Indicators of economic activity and employment have continued to strengthen,1
" Job gains have been strong in recent months, and the unemployment rate has declined substantially",-1
" Inflation remains elevated, reflecting supply and demand imbalances related to the pandemic, higher energy prices, and broader price pressures",1
" With appropriate firming in the stance of monetary policy, the Committee expects inflation to return to its 2 percent objective and the labor market to remain strong",1
The Committee also extended the financial trading blackout period around regularly scheduled FOMC meetings by one day following each meeting to align it with the Committee's external communication blackout period,1
Indicators of economic activity and employment have continued to strengthen,1
" Job gains have been solid in recent months, and the unemployment rate has declined substantially",-1
 Supply and demand imbalances related to the pandemic and the reopening of the economy have continued to contribute to elevated levels of inflation,1
" With inflation well above 2 percent and a strong labor market, the Committee expects it will soon be appropriate to raise the target range for the federal funds rate",1
" Beginning in February, the Committee will increase its holdings of Treasury securities by at least $20 billion per month and of agency mortgage‑backed securities by at least $10 billion per month",1
"With progress on vaccinations and strong policy support, indicators of economic activity and employment have continued to strengthen",1
" Job gains have been solid in recent months, and the unemployment rate has declined substantially",-1
 Supply and demand imbalances related to the pandemic and the reopening of the economy have continued to contribute to elevated levels of inflation,1
" Beginning in January, the Committee will increase its holdings of Treasury securities by at least $40 billion per month and of agency mortgage‑backed securities by at least $20 billion per month",1
"With progress on vaccinations and strong policy support, indicators of economic activity and employment have continued to strengthen",1
" The sectors most adversely affected by the pandemic have improved in recent months, but the summer's rise in COVID-19 cases has slowed their recovery",1
" Inflation is elevated, largely reflecting factors that are expected to be transitory",1
 Supply and demand imbalances related to the pandemic and the reopening of the economy have contributed to sizable price increases in some sectors,1
 The Committee decided to keep the target range for the federal funds rate at 0 to 1/4 percent and expects it will be appropriate to maintain this target range until labor market conditions have reached levels consistent with the Committee's assessments of maximum employment and inflation has risen to 2 percent and is on track to moderately exceed 2 percent for some time,1
" Beginning later this month, the Committee will increase its holdings of Treasury securities by at least $70 billion per month and of agency mortgage‑backed securities by at least $35 billion per month",1
" Beginning in December, the Committee will increase its holdings of Treasury securities by at least $60 billion per month and of agency mortgage-backed securities by at least $30 billion per month",1
"With progress on vaccinations and strong policy support, indicators of economic activity and employment have continued to strengthen",1
" The sectors most adversely affected by the pandemic have improved in recent months, but the rise in COVID-19 cases has slowed their recovery",1
" Inflation is elevated, largely reflecting transitory factors",1
" Progress on vaccinations will likely continue to reduce the effects of the public health crisis on the economy, but risks to the economic outlook remain",-1
 The Committee decided to keep the target range for the federal funds rate at 0 to 1/4 percent and expects it will be appropriate to maintain this target range until labor market conditions have reached levels consistent with the Committee's assessments of maximum employment and inflation has risen to 2 percent and is on track to moderately exceed 2 percent for some time,1
" Last December, the Committee indicated that it would continue to increase its holdings of Treasury securities by at least $80 billion per month and of agency mortgage‑backed securities by at least $40 billion per month until substantial further progress has been made toward its maximum employment and price stability goals",1
"With progress on vaccinations and strong policy support, indicators of economic activity and employment have continued to strengthen",1
" Inflation has risen, largely reflecting transitory factors",1
" Progress on vaccinations will likely continue to reduce the effects of the public health crisis on the economy, but risks to the economic outlook remain",-1
 The Committee decided to keep the target range for the federal funds rate at 0 to 1/4 percent and expects it will be appropriate to maintain this target range until labor market conditions have reached levels consistent with the Committee's assessments of maximum employment and inflation has risen to 2 percent and is on track to moderately exceed 2 percent for some time,1
" Last December, the Committee indicated that it would continue to increase its holdings of Treasury securities by at least $80 billion per month and of agency mortgage‑backed securities by at least $40 billion per month until substantial further progress has been made toward its maximum employment and price stability goals",1
 The liquidity provided by the PPPLF bolsters the effectiveness of the PPP by helping eligible financial institutions fund PPP loans,1
" Amid this progress and strong policy support, indicators of economic activity and employment have strengthened",1
" Inflation has risen, largely reflecting transitory factors",1
" Progress on vaccinations will likely continue to reduce the effects of the public health crisis on the economy, but risks to the economic outlook remain",-1
 The Committee decided to keep the target range for the federal funds rate at 0 to 1/4 percent and expects it will be appropriate to maintain this target range until labor market conditions have reached levels consistent with the Committee's assessments of maximum employment and inflation has risen to 2 percent and is on track to moderately exceed 2 percent for some time,1
" In addition, the Federal Reserve will continue to increase its holdings of Treasury securities by at least $80 billion per month and of agency mortgage‑backed securities by at least $40 billion per month until substantial further progress has been made toward the Committee's maximum employment and price stability goals",1
" Amid progress on vaccinations and strong policy support, indicators of economic activity and employment have strengthened",1
" Inflation has risen, largely reflecting transitory factors",1
 The Committee decided to keep the target range for the federal funds rate at 0 to 1/4 percent and expects it will be appropriate to maintain this target range until labor market conditions have reached levels consistent with the Committee's assessments of maximum employment and inflation has risen to 2 percent and is on track to moderately exceed 2 percent for some time,1
" In addition, the Federal Reserve will continue to increase its holdings of Treasury securities by at least $80 billion per month and of agency mortgage‑backed securities by at least $40 billion per month until substantial further progress has been made toward the Committee's maximum employment and price stability goals",1
" Following a moderation in the pace of the recovery, indicators of economic activity and employment have turned up recently, although the sectors most adversely affected by the pandemic remain weak",-1
 The Committee decided to keep the target range for the federal funds rate at 0 to 1/4 percent and expects it will be appropriate to maintain this target range until labor market conditions have reached levels consistent with the Committee's assessments of maximum employment and inflation has risen to 2 percent and is on track to moderately exceed 2 percent for some time,1
" In addition, the Federal Reserve will continue to increase its holdings of Treasury securities by at least $80 billion per month and of agency mortgage‑backed securities by at least $40 billion per month until substantial further progress has been made toward the Committee's maximum employment and price stability goals",1
" The pace of the recovery in economic activity and employment has moderated in recent months, with weakness concentrated in the sectors most adversely affected by the pandemic",-1
 Weaker demand and earlier declines in oil prices have been holding down consumer price inflation,-1
 The Committee decided to keep the target range for the federal funds rate at 0 to 1/4 percent and expects it will be appropriate to maintain this target range until labor market conditions have reached levels consistent with the Committee's assessments of maximum employment and inflation has risen to 2 percent and is on track to moderately exceed 2 percent for some time,1
" In addition, the Federal Reserve will continue to increase its holdings of Treasury securities by at least $80 billion per month and of agency mortgage‑backed securities by at least $40 billion per month until substantial further progress has been made toward the Committee's maximum employment and price stability goals",1
 Weaker demand and earlier declines in oil prices have been holding down consumer price inflation,-1
 The Committee decided to keep the target range for the federal funds rate at 0 to 1/4 percent and expects it will be appropriate to maintain this target range until labor market conditions have reached levels consistent with the Committee's assessments of maximum employment and inflation has risen to 2 percent and is on track to moderately exceed 2 percent for some time,1
" In addition, the Federal Reserve will continue to increase its holdings of Treasury securities by at least $80 billion per month and of agency mortgage-backed securities by at least $40 billion per month until substantial further progress has been made toward the Committee's maximum employment and price stability goals",1
 Weaker demand and earlier declines in oil prices have been holding down consumer price inflation,-1
 The Committee decided to keep the target range for the federal funds rate at 0 to 1/4 percent and expects it will be appropriate to maintain this target range until labor market conditions have reached levels consistent with the Committee's assessments of maximum employment and inflation has risen to 2 percent and is on track to moderately exceed 2 percent for some time,1
" In addition, over coming months the Federal Reserve will increase its holdings of Treasury securities and agency mortgage-backed securities at least at the current pace to sustain smooth market functioning and help foster accommodative financial conditions, thereby supporting the flow of credit to households and businesses",1
The Federal Reserve Board on Friday adjusted the terms of the Main Street Lending Program in two important ways to better target support to smaller businesses that employ millions of workers and are facing continued revenue shortfalls due to the pandemic,1
 Weaker demand and significantly lower oil prices are holding down consumer price inflation,-1
" Overall financial conditions have improved in recent months, in part reflecting policy measures to support the economy and the flow of credit to U",1
 The Committee decided to keep the target range for the federal funds rate at 0 to 1/4 percent and expects it will be appropriate to maintain this target range until labor market conditions have reached levels consistent with the Committee's assessments of maximum employment and inflation has risen to 2 percent and is on track to moderately exceed 2 percent for some time,1
" In addition, over coming months the Federal Reserve will increase its holdings of Treasury securities and agency mortgage-backed securities at least at the current pace to sustain smooth market functioning and help foster accommodative financial conditions, thereby supporting the flow of credit to households and businesses",1
" ""Our revised statement reflects our appreciation for the benefits of a strong labor market, particularly for many in low- and moderate-income communities, and that a robust job market can be sustained without causing an unwelcome increase in inflation",1
" First, the Federal Reserve hosted a series of 15 Fed Listens events across the country to engage with employee groups and union members, small business owners, residents of low- and moderate-income communities, retirees, and others to hear a wide range of perspectives about how monetary policy decisions affect their communities",-1
" Following sharp declines, economic activity and employment have picked up somewhat in recent months but remain well below their levels at the beginning of the year",-1
 Weaker demand and significantly lower oil prices are holding down consumer price inflation,-1
" Overall financial conditions have improved in recent months, in part reflecting policy measures to support the economy and the flow of credit to U",1
"To support the flow of credit to households and businesses, over coming months the Federal Reserve will increase its holdings of Treasury securities and agency residential and commercial mortgage-backed securities at least at the current pace to sustain smooth market functioning, thereby fostering effective transmission of monetary policy to broader financial conditions",1
"The Board's lending facilities have provided a critical backstop, stabilizing and substantially improving market functioning and enhancing the flow of credit to households, businesses, and state and local governments",1
 Encouraging a broader range of agents for the Term Asset-Backed Securities Loan Facility (TALF) and counterparties for the Commercial Paper Funding Facility (CPFF) and Secondary Market Corporate Credit Facility (SMCCF) will increase the Federal Reserve's operational capacity and insight into the respective markets,1
 Weaker demand and significantly lower oil prices are holding down consumer price inflation,-1
" Financial conditions have improved, in part reflecting policy measures to support the economy and the flow of credit to U",1
"To support the flow of credit to households and businesses, over coming months the Federal Reserve will increase its holdings of Treasury securities and agency residential and commercial mortgage-backed securities at least at the current pace to sustain smooth market functioning, thereby fostering effective transmission of monetary policy to broader financial conditions",1
"The Federal Reserve intends to use its full range of tools to support the flow of credit to households, businesses, and communities to counter the economic impact of the coronavirus pandemic and promote a swift recovery once the disruptions abate",-1
" In response to the public input, the Board decided to expand the loan options available to businesses, and increased the maximum size of businesses that are eligible for support under the program",1
 Weaker demand and significantly lower oil prices are holding down consumer price inflation,-1
 The disruptions to economic activity here and abroad have significantly affected financial conditions and have impaired the flow of credit to U,-1
"The Federal Reserve remains committed to using its full range of tools to support the flow of credit to households, businesses, and communities to counter the economic impact of the coronavirus pandemic and promote a swift recovery once the disruptions abate",-1
"Building on its strong record of transparency and accountability around financial reporting and the policymaking process, the Federal Reserve Board on Thursday outlined the extensive and timely public information it will make available regarding its programs to support the flow of credit to households and businesses and thereby foster economic recovery",1
"The plans for the public release of information announced today will add to the Board's already robust financial reporting, including a comprehensive weekly balance sheet and annual audited financial statements",1
"The Small Business Administration's Paycheck Protection Program, or PPP, guarantees loans extended by qualified lenders to small businesses so that those businesses can keep workers employed",1
 Supplying financial institutions with additional liquidity will help increase their capacity to make PPP loans,1
" ""The Fed's role is to provide as much relief and stability as we can during this period of constrained economic activity, and our actions today will help ensure that the eventual recovery is as vigorous as possible",-1
"The Federal Reserve's role is guided by its mandate from Congress to promote maximum employment and stable prices, along with its responsibilities to promote the stability of the financial system",1
"The Main Street Lending Program will enhance support for small and mid-sized businesses that were in good financial standing before the crisis by offering 4-year loans to companies employing up to 10,000 workers or with revenues of less than $2",-1
 Eligible banks may originate new Main Street loans or use Main Street loans to increase the size of existing loans to businesses,1
The Municipal Liquidity Facility will help state and local governments better manage cash flow pressures in order to continue to serve households and businesses in their communities,1
The Federal Reserve remains committed to using its full range of tools to support the flow of credit to households and businesses to counter the economic impact of the coronavirus pandemic and promote a swift recovery once the disruptions abate,-1
The Federal Open Market Committee is taking further actions to support the flow of credit to households and businesses by addressing strains in the markets for Treasury securities and agency mortgage-backed securities,-1
 The Committee directs the Desk to increase the System Open Market Account holdings of Treasury securities and agency mortgage-backed securities (MBS) in the amounts needed to support the smooth functioning of markets for Treasury securities and agency MBS,1
"00 percent, in amounts limited only by the value of Treasury securities held outright in the System Open Market Account that are available for such operations and by a per-counterparty limit of $30 billion per day",-1
"The swap lines among these central banks are available standing facilities and serve as an important liquidity backstop to ease strains in global funding markets, thereby helping to mitigate the effects of such strains on the supply of credit to households and businesses, both domestically and abroad",-1
" The interim final rule modifies the agencies' capital rules so that financial institutions receive credit for the low risk of their MMLF activities, reflecting the fact that institutions would be taking no credit or market risk in association with such activities",-1
 An improved commercial paper market will enhance the ability of businesses to maintain employment and investment as the nation deals with the coronavirus outbreak,1
 economy came into this challenging period on a strong footing,1
 Information received since the Federal Open Market Committee met in January indicates that the labor market remained strong through February and economic activity rose at a moderate rate,1
" Job gains have been solid, on average, in recent months, and the unemployment rate has remained low",-1
" More recently, the energy sector has come under stress",-1
 Market-based measures of inflation compensation have declined; survey-based measures of longer-term inflation expectations are little changed,-1
" This action will help support economic activity, strong labor market conditions, and inflation returning to the Committee's symmetric 2 percent objective",1
" To support the smooth functioning of markets for Treasury securities and agency mortgage-backed securities that are central to the flow of credit to households and businesses, over coming months the Committee will increase its holdings of Treasury securities by at least $500 billion and its holdings of agency mortgage-backed securities by at least $200 billion",1
 economy remain strong,1
" In light of these risks and in support of achieving its maximum employment and price stability goals, the Federal Open Market Committee decided today to lower the target range for the federal funds rate by 1/2 percentage point, to 1 to 1‑1/4 percent",-1
Information received since the Federal Open Market Committee met in December indicates that the labor market remains strong and that economic activity has been rising at a moderate rate,1
" Job gains have been solid, on average, in recent months, and the unemployment rate has remained low",-1
 Market-based measures of inflation compensation remain low; survey-based measures of longer-term inflation expectations are little changed,-1
" The Committee judges that the current stance of monetary policy is appropriate to support sustained expansion of economic activity, strong labor market conditions, and inflation returning to the Committee's symmetric 2 percent objective",1
Information received since the Federal Open Market Committee met in October indicates that the labor market remains strong and that economic activity has been rising at a moderate rate,1
" Job gains have been solid, on average, in recent months, and the unemployment rate has remained low",-1
" Although household spending has been rising at a strong pace, business fixed investment and exports remain weak",1
 Market-based measures of inflation compensation remain low; survey-based measures of longer-term inflation expectations are little changed,-1
" The Committee judges that the current stance of monetary policy is appropriate to support sustained expansion of economic activity, strong labor market conditions, and inflation near the Committee's symmetric 2 percent objective",1
Information received since the Federal Open Market Committee met in September indicates that the labor market remains strong and that economic activity has been rising at a moderate rate,1
" Job gains have been solid, on average, in recent months, and the unemployment rate has remained low",-1
" Although household spending has been rising at a strong pace, business fixed investment and exports remain weak",1
 Market-based measures of inflation compensation remain low; survey-based measures of longer-term inflation expectations are little changed,-1
" In light of the implications of global developments for the economic outlook as well as muted inflation pressures, the Committee decided to lower the target range for the federal funds rate to 1-1/2 to 1-3/4 percent",-1
" This action supports the Committee's view that sustained expansion of economic activity, strong labor market conditions, and inflation near the Committee's symmetric 2 percent objective are the most likely outcomes, but uncertainties about this outlook remain",1
"70 percent, in amounts limited only by the value of Treasury securities held outright in the System Open Market Account that are available for such operations and by a per-counterparty limit of $30 billion per day",-1
Information received since the Federal Open Market Committee met in July indicates that the labor market remains strong and that economic activity has been rising at a moderate rate,1
" Job gains have been solid, on average, in recent months, and the unemployment rate has remained low",-1
" Although household spending has been rising at a strong pace, business fixed investment and exports have weakened",1
 Market-based measures of inflation compensation remain low; survey-based measures of longer-term inflation expectations are little changed,-1
" In light of the implications of global developments for the economic outlook as well as muted inflation pressures, the Committee decided to lower the target range for the federal funds rate to 1-3/4 to 2 percent",-1
" This action supports the Committee's view that sustained expansion of economic activity, strong labor market conditions, and inflation near the Committee's symmetric 2 percent objective are the most likely outcomes, but uncertainties about this outlook remain",1
" As the Committee contemplates the future path of the target range for the federal funds rate, it will continue to monitor the implications of incoming information for the economic outlook and will act as appropriate to sustain the expansion, with a strong labor market and inflation near its symmetric 2 percent objective",1
Information received since the Federal Open Market Committee met in June indicates that the labor market remains strong and that economic activity has been rising at a moderate rate,1
" Job gains have been solid, on average, in recent months, and the unemployment rate has remained low",-1
" Although growth of household spending has picked up from earlier in the year, growth of business fixed investment has been soft",-1
 Market-based measures of inflation compensation remain low; survey-based measures of longer-term inflation expectations are little changed,-1
" In light of the implications of global developments for the economic outlook as well as muted inflation pressures, the Committee decided to lower the target range for the federal funds rate to 2 to 2-1/4 percent",-1
" This action supports the Committee's view that sustained expansion of economic activity, strong labor market conditions, and inflation near the Committee's symmetric 2 percent objective are the most likely outcomes, but uncertainties about this outlook remain",1
" As the Committee contemplates the future path of the target range for the federal funds rate, it will continue to monitor the implications of incoming information for the economic outlook and will act as appropriate to sustain the expansion, with a strong labor market and inflation near its symmetric 2 percent objective",1
"The Committee will conclude the reduction of its aggregate securities holdings in the System Open Market Account in August, two months earlier than previously indicated",-1
Information received since the Federal Open Market Committee met in May indicates that the labor market remains strong and that economic activity is rising at a moderate rate,1
" Job gains have been solid, on average, in recent months, and the unemployment rate has remained low",-1
" Although growth of household spending appears to have picked up from earlier in the year, indicators of business fixed investment have been soft",-1
 Market-based measures of inflation compensation have declined; survey-based measures of longer-term inflation expectations are little changed,-1
" The Committee continues to view sustained expansion of economic activity, strong labor market conditions, and inflation near the Committee's symmetric 2 percent objective as the most likely outcomes, but uncertainties about this outlook have increased",1
" In light of these uncertainties and muted inflation pressures, the Committee will closely monitor the implications of incoming information for the economic outlook and will act as appropriate to sustain the expansion, with a strong labor market and inflation near its symmetric 2 percent objective",1
Information received since the Federal Open Market Committee met in March indicates that the labor market remains strong and that economic activity rose at a solid rate,1
" Job gains have been solid, on average, in recent months, and the unemployment rate has remained low",-1
 Growth of household spending and business fixed investment slowed in the first quarter,-1
" On a 12-month basis, overall inflation and inflation for items other than food and energy have declined and are running below 2 percent",-1
" On balance, market-based measures of inflation compensation have remained low in recent months, and survey-based measures of longer-term inflation expectations are little changed",-1
" The Committee continues to view sustained expansion of economic activity, strong labor market conditions, and inflation near the Committee's symmetric 2 percent objective as the most likely outcomes",1
Information received since the Federal Open Market Committee met in January indicates that the labor market remains strong but that growth of economic activity has slowed from its solid rate in the fourth quarter,1
 Recent indicators point to slower growth of household spending and business fixed investment in the first quarter,-1
" On a 12-month basis, overall inflation has declined, largely as a result of lower energy prices; inflation for items other than food and energy remains near 2 percent",-1
" On balance, market-based measures of inflation compensation have remained low in recent months, and survey-based measures of longer-term inflation expectations are little changed",-1
" The Committee continues to view sustained expansion of economic activity, strong labor market conditions, and inflation near the Committee's symmetric 2 percent objective as the most likely outcomes",1
Information received since the Federal Open Market Committee met in December indicates that the labor market has continued to strengthen and that economic activity has been rising at a solid rate,1
" Job gains have been strong, on average, in recent months, and the unemployment rate has remained low",-1
" Although market-based measures of inflation compensation have moved lower in recent months, survey-based measures of longer-term inflation expectations are little changed",-1
" The Committee continues to view sustained expansion of economic activity, strong labor market conditions, and inflation near the Committee's symmetric 2 percent objective as the most likely outcomes",1
Information received since the Federal Open Market Committee met in November indicates that the labor market has continued to strengthen and that economic activity has been rising at a strong rate,1
" Job gains have been strong, on average, in recent months, and the unemployment rate has remained low",-1
" The Committee judges that some further gradual increases in the target range for the federal funds rate will be consistent with sustained expansion of economic activity, strong labor market conditions, and inflation near the Committee's symmetric 2 percent objective over the medium term",1
" The Committee judges that risks to the economic outlook are roughly balanced, but will continue to monitor global economic and financial developments and assess their implications for the economic outlook",1
"In view of realized and expected labor market conditions and inflation, the Committee decided to raise the target range for the federal funds rate to 2-1/4 to 2‑1/2 percent",1
Information received since the Federal Open Market Committee met in September indicates that the labor market has continued to strengthen and that economic activity has been rising at a strong rate,1
" Job gains have been strong, on average, in recent months, and the unemployment rate has declined",-1
" The Committee expects that further gradual increases in the target range for the federal funds rate will be consistent with sustained expansion of economic activity, strong labor market conditions, and inflation near the Committee's symmetric 2 percent objective over the medium term",1
 Risks to the economic outlook appear roughly balanced,1
Information received since the Federal Open Market Committee met in August indicates that the labor market has continued to strengthen and that economic activity has been rising at a strong rate,1
" Job gains have been strong, on average, in recent months, and the unemployment rate has stayed low",-1
" The Committee expects that further gradual increases in the target range for the federal funds rate will be consistent with sustained expansion of economic activity, strong labor market conditions, and inflation near the Committee's symmetric 2 percent objective over the medium term",1
 Risks to the economic outlook appear roughly balanced,1
"In view of realized and expected labor market conditions and inflation, the Committee decided to raise the target range for the federal funds rate to 2 to 2-1/4 percent",1
Information received since the Federal Open Market Committee met in June indicates that the labor market has continued to strengthen and that economic activity has been rising at a strong rate,1
" Job gains have been strong, on average, in recent months, and the unemployment rate has stayed low",-1
" The Committee expects that further gradual increases in the target range for the federal funds rate will be consistent with sustained expansion of economic activity, strong labor market conditions, and inflation near the Committee's symmetric 2 percent objective over the medium term",1
 Risks to the economic outlook appear roughly balanced,1
" The stance of monetary policy remains accommodative, thereby supporting strong labor market conditions and a sustained return to 2 percent inflation",1
Information received since the Federal Open Market Committee met in May indicates that the labor market has continued to strengthen and that economic activity has been rising at a solid rate,1
" Job gains have been strong, on average, in recent months, and the unemployment rate has declined",-1
" The Committee expects that further gradual increases in the target range for the federal funds rate will be consistent with sustained expansion of economic activity, strong labor market conditions, and inflation near the Committee's symmetric 2 percent objective over the medium term",1
 Risks to the economic outlook appear roughly balanced,1
"In view of realized and expected labor market conditions and inflation, the Committee decided to raise the target range for the federal funds rate to 1-3/4 to 2 percent",1
" The stance of monetary policy remains accommodative, thereby supporting strong labor market conditions and a sustained return to 2 percent inflation",1
Information received since the Federal Open Market Committee met in March indicates that the labor market has continued to strengthen and that economic activity has been rising at a moderate rate,1
" Job gains have been strong, on average, in recent months, and the unemployment rate has stayed low",-1
" Market-based measures of inflation compensation remain low; survey-based measures of longer-term inflation expectations are little changed, on balance",-1
" The Committee expects that, with further gradual adjustments in the stance of monetary policy, economic activity will expand at a moderate pace in the medium term and labor market conditions will remain strong",1
 Risks to the economic outlook appear roughly balanced,1
" The stance of monetary policy remains accommodative, thereby supporting strong labor market conditions and a sustained return to 2 percent inflation",1
Information received since the Federal Open Market Committee met in January indicates that the labor market has continued to strengthen and that economic activity has been rising at a moderate rate,1
" Job gains have been strong in recent months, and the unemployment rate has stayed low",-1
 The economic outlook has strengthened in recent months,1
" The Committee expects that, with further gradual adjustments in the stance of monetary policy, economic activity will expand at a moderate pace in the medium term and labor market conditions will remain strong",1
" Near-term risks to the economic outlook appear roughly balanced, but the Committee is monitoring inflation developments closely",1
"In view of realized and expected labor market conditions and inflation, the Committee decided to raise the target range for the federal funds rate to 1-1/2 to 1-3/4 percent",1
" The stance of monetary policy remains accommodative, thereby supporting strong labor market conditions and a sustained return to 2 percent inflation",1
Information received since the Federal Open Market Committee met in December indicates that the labor market has continued to strengthen and that economic activity has been rising at a solid rate,1
" Gains in employment, household spending, and business fixed investment have been solid, and the unemployment rate has stayed low",1
" The Committee expects that, with further gradual adjustments in the stance of monetary policy, economic activity will expand at a moderate pace and labor market conditions will remain strong",1
" Near-term risks to the economic outlook appear roughly balanced, but the Committee is monitoring inflation developments closely",1
" The stance of monetary policy remains accommodative, thereby supporting strong labor market conditions and a sustained return to 2 percent inflation",1
Information received since the Federal Open Market Committee met in November indicates that the labor market has continued to strengthen and that economic activity has been rising at a solid rate,1
" Averaging through hurricane-related fluctuations, job gains have been solid, and the unemployment rate declined further",-1
" Household spending has been expanding at a moderate rate, and growth in business fixed investment has picked up in recent quarters",1
" On a 12-month basis, both overall inflation and inflation for items other than food and energy have declined this year and are running below 2 percent",-1
" Market-based measures of inflation compensation remain low; survey-based measures of longer-term inflation expectations are little changed, on balance",-1
" Hurricane-related disruptions and rebuilding have affected economic activity, employment, and inflation in recent months but have not materially altered the outlook for the national economy",-1
" Consequently, the Committee continues to expect that, with gradual adjustments in the stance of monetary policy, economic activity will expand at a moderate pace and labor market conditions will remain strong",1
" Near-term risks to the economic outlook appear roughly balanced, but the Committee is monitoring inflation developments closely",1
"In view of realized and expected labor market conditions and inflation, the Committee decided to raise the target range for the federal funds rate to 1-1/4 to 1‑1/2 percent",1
" The stance of monetary policy remains accommodative, thereby supporting strong labor market conditions and a sustained return to 2 percent inflation",1
Information received since the Federal Open Market Committee met in September indicates that the labor market has continued to strengthen and that economic activity has been rising at a solid rate despite hurricane-related disruptions,1
" Household spending has been expanding at a moderate rate, and growth in business fixed investment has picked up in recent quarters",1
" On a 12-month basis, both inflation measures have declined this year and are running below 2 percent",-1
" Market-based measures of inflation compensation remain low; survey-based measures of longer-term inflation expectations are little changed, on balance",-1
" Hurricane-related disruptions and rebuilding will continue to affect economic activity, employment, and inflation in the near term, but past experience suggests that the storms are unlikely to materially alter the course of the national economy over the medium term",-1
" Consequently, the Committee continues to expect that, with gradual adjustments in the stance of monetary policy, economic activity will expand at a moderate pace, and labor market conditions will strengthen somewhat further",1
" Near-term risks to the economic outlook appear roughly balanced, but the Committee is monitoring inflation developments closely",1
Information received since the Federal Open Market Committee met in July indicates that the labor market has continued to strengthen and that economic activity has been rising moderately so far this year,1
" Job gains have remained solid in recent months, and the unemployment rate has stayed low",-1
" Household spending has been expanding at a moderate rate, and growth in business fixed investment has picked up in recent quarters",1
" On a 12-month basis, overall inflation and the measure excluding food and energy prices have declined this year and are running below 2 percent",-1
" Market-based measures of inflation compensation remain low; survey-based measures of longer-term inflation expectations are little changed, on balance",-1
" Storm-related disruptions and rebuilding will affect economic activity in the near term, but past experience suggests that the storms are unlikely to materially alter the course of the national economy over the medium term",-1
" Consequently, the Committee continues to expect that, with gradual adjustments in the stance of monetary policy, economic activity will expand at a moderate pace, and labor market conditions will strengthen somewhat further",1
" Higher prices for gasoline and some other items in the aftermath of the hurricanes will likely boost inflation temporarily; apart from that effect, inflation on a 12-month basis is expected to remain somewhat below 2 percent in the near term but to stabilize around the Committee's 2 percent objective over the medium term",1
" Near-term risks to the economic outlook appear roughly balanced, but the Committee is monitoring inflation developments closely",1
Information received since the Federal Open Market Committee met in June indicates that the labor market has continued to strengthen and that economic activity has been rising moderately so far this year,1
" Job gains have been solid, on average, since the beginning of the year, and the unemployment rate has declined",-1
 Household spending and business fixed investment have continued to expand,1
" On a 12-month basis, overall inflation and the measure excluding food and energy prices have declined and are running below 2 percent",-1
" Market-based measures of inflation compensation remain low; survey-based measures of longer-term inflation expectations are little changed, on balance",-1
" The Committee continues to expect that, with gradual adjustments in the stance of monetary policy, economic activity will expand at a moderate pace, and labor market conditions will strengthen somewhat further",1
" Near-term risks to the economic outlook appear roughly balanced, but the Committee is monitoring inflation developments closely",1
Information received since the Federal Open Market Committee met in May indicates that the labor market has continued to strengthen and that economic activity has been rising moderately so far this year,1
" Household spending has picked up in recent months, and business fixed investment has continued to expand",1
" On a 12-month basis, inflation has declined recently and, like the measure excluding food and energy prices, is running somewhat below 2 percent",-1
" Market-based measures of inflation compensation remain low; survey-based measures of longer-term inflation expectations are little changed, on balance",-1
" The Committee continues to expect that, with gradual adjustments in the stance of monetary policy, economic activity will expand at a moderate pace, and labor market conditions will strengthen somewhat further",1
" Near-term risks to the economic outlook appear roughly balanced, but the Committee is monitoring inflation developments closely",1
"In view of realized and expected labor market conditions and inflation, the Committee decided to raise the target range for the federal funds rate to 1 to 1-1/4 percent",1
" This program, which would gradually reduce the Federal Reserve's securities holdings by decreasing reinvestment of principal payments from those securities, is described in the accompanying addendum to the Committee's Policy Normalization Principles and Plans",-1
" Job gains were solid, on average, in recent months, and the unemployment rate declined",-1
" Excluding energy and food, consumer prices declined in March and inflation continued to run somewhat below 2 percent",-1
" Market-based measures of inflation compensation remain low; survey-based measures of longer-term inflation expectations are little changed, on balance",-1
" The Committee views the slowing in growth during the first quarter as likely to be transitory and continues to expect that, with gradual adjustments in the stance of monetary policy, economic activity will expand at a moderate pace, labor market conditions will strengthen somewhat further, and inflation will stabilize around 2 percent over the medium term",1
 Near-term risks to the economic outlook appear roughly balanced,1
Information received since the Federal Open Market Committee met in February indicates that the labor market has continued to strengthen and that economic activity has continued to expand at a moderate pace,1
 Job gains remained solid and the unemployment rate was little changed in recent months,-1
 Household spending has continued to rise moderately while business fixed investment appears to have firmed somewhat,1
" Inflation has increased in recent quarters, moving close to the Committee's 2 percent longer-run objective; excluding energy and food prices, inflation was little changed and continued to run somewhat below 2 percent",1
" Market-based measures of inflation compensation remain low; survey-based measures of longer-term inflation expectations are little changed, on balance",-1
" The Committee expects that, with gradual adjustments in the stance of monetary policy, economic activity will expand at a moderate pace, labor market conditions will strengthen somewhat further, and inflation will stabilize around 2 percent over the medium term",1
 Near-term risks to the economic outlook appear roughly balanced,1
"In view of realized and expected labor market conditions and inflation, the Committee decided to raise the target range for the federal funds rate to 3/4 to 1 percent",1
Information received since the Federal Open Market Committee met in December indicates that the labor market has continued to strengthen and that economic activity has continued to expand at a moderate pace,1
 Job gains remained solid and the unemployment rate stayed near its recent low,-1
 Measures of consumer and business sentiment have improved of late,1
 Inflation increased in recent quarters but is still below the Committee's 2 percent longer-run objective,1
" Market-based measures of inflation compensation remain low; most survey-based measures of longer-term inflation expectations are little changed, on balance",-1
" The Committee expects that, with gradual adjustments in the stance of monetary policy, economic activity will expand at a moderate pace, labor market conditions will strengthen somewhat further, and inflation will rise to 2 percent over the medium term",1
 Near-term risks to the economic outlook appear roughly balanced,1
Information received since the Federal Open Market Committee met in November indicates that the labor market has continued to strengthen and that economic activity has been expanding at a moderate pace since mid-year,1
 Job gains have been solid in recent months and the unemployment rate has declined,-1
" Market-based measures of inflation compensation have moved up considerably but still are low; most survey-based measures of longer-term inflation expectations are little changed, on balance, in recent months",-1
" The Committee expects that, with gradual adjustments in the stance of monetary policy, economic activity will expand at a moderate pace and labor market conditions will strengthen somewhat further",1
 Inflation is expected to rise to 2 percent over the medium term as the transitory effects of past declines in energy and import prices dissipate and the labor market strengthens further,1
 Near-term risks to the economic outlook appear roughly balanced,1
"In view of realized and expected labor market conditions and inflation, the Committee decided to raise the target range for the federal funds rate to 1/2 to 3/4 percent",1
Information received since the Federal Open Market Committee met in September indicates that the labor market has continued to strengthen and growth of economic activity has picked up from the modest pace seen in the first half of this year,1
" Although the unemployment rate is little changed in recent months, job gains have been solid",-1
" Market-based measures of inflation compensation have moved up but remain low; most survey-based measures of longer-term inflation expectations are little changed, on balance, in recent months",-1
" The Committee expects that, with gradual adjustments in the stance of monetary policy, economic activity will expand at a moderate pace and labor market conditions will strengthen somewhat further",1
 Inflation is expected to rise to 2 percent over the medium term as the transitory effects of past declines in energy and import prices dissipate and the labor market strengthens further,1
 Near-term risks to the economic outlook appear roughly balanced,1
" The stance of monetary policy remains accommodative, thereby supporting further improvement in labor market conditions and a return to 2 percent inflation",1
Information received since the Federal Open Market Committee met in July indicates that the labor market has continued to strengthen and growth of economic activity has picked up from the modest pace seen in the first half of this year,1
" Although the unemployment rate is little changed in recent months, job gains have been solid, on average",-1
" Inflation has continued to run below the Committee's 2 percent longer-run objective, partly reflecting earlier declines in energy prices and in prices of non-energy imports",-1
" Market-based measures of inflation compensation remain low; most survey-based measures of longer-term inflation expectations are little changed, on balance, in recent months",-1
" The Committee expects that, with gradual adjustments in the stance of monetary policy, economic activity will expand at a moderate pace and labor market conditions will strengthen somewhat further",1
" Inflation is expected to remain low in the near term, in part because of earlier declines in energy prices, but to rise to 2 percent over the medium term as the transitory effects of past declines in energy and import prices dissipate and the labor market strengthens further",-1
 Near-term risks to the economic outlook appear roughly balanced,1
" The stance of monetary policy remains accommodative, thereby supporting further improvement in labor market conditions and a return to 2 percent inflation",1
Information received since the Federal Open Market Committee met in June indicates that the labor market strengthened and that economic activity has been expanding at a moderate rate,1
" On balance, payrolls and other labor market indicators point to some increase in labor utilization in recent months",1
" Inflation has continued to run below the Committee's 2 percent longer-run objective, partly reflecting earlier declines in energy prices and in prices of non-energy imports",-1
" Market-based measures of inflation compensation remain low; most survey-based measures of longer-term inflation expectations are little changed, on balance, in recent months",-1
" The Committee currently expects that, with gradual adjustments in the stance of monetary policy, economic activity will expand at a moderate pace and labor market indicators will strengthen",1
" Inflation is expected to remain low in the near term, in part because of earlier declines in energy prices, but to rise to 2 percent over the medium term as the transitory effects of past declines in energy and import prices dissipate and the labor market strengthens further",-1
 Near-term risks to the economic outlook have diminished,-1
" The stance of monetary policy remains accommodative, thereby supporting further improvement in labor market conditions and a return to 2 percent inflation",1
" Although the unemployment rate has declined, job gains have diminished",1
" Since the beginning of the year, the housing sector has continued to improve and the drag from net exports appears to have lessened, but business fixed investment has been soft",-1
" Inflation has continued to run below the Committee's 2 percent longer-run objective, partly reflecting earlier declines in energy prices and in prices of non-energy imports",-1
" Market-based measures of inflation compensation declined; most survey-based measures of longer-term inflation expectations are little changed, on balance, in recent months",-1
" The Committee currently expects that, with gradual adjustments in the stance of monetary policy, economic activity will expand at a moderate pace and labor market indicators will strengthen",1
" Inflation is expected to remain low in the near term, in part because of earlier declines in energy prices, but to rise to 2 percent over the medium term as the transitory effects of past declines in energy and import prices dissipate and the labor market strengthens further",-1
" The stance of monetary policy remains accommodative, thereby supporting further improvement in labor market conditions and a return to 2 percent inflation",1
" Growth in household spending has moderated, although households' real income has risen at a solid rate and consumer sentiment remains high",1
" A range of recent indicators, including strong job gains, points to additional strengthening of the labor market",1
" Inflation has continued to run below the Committee's 2 percent longer-run objective, partly reflecting earlier declines in energy prices and falling prices of non-energy imports",-1
" Market-based measures of inflation compensation remain low; survey-based measures of longer-term inflation expectations are little changed, on balance, in recent months",-1
" The Committee currently expects that, with gradual adjustments in the stance of monetary policy, economic activity will expand at a moderate pace and labor market indicators will continue to strengthen",1
" Inflation is expected to remain low in the near term, in part because of earlier declines in energy prices, but to rise to 2 percent over the medium term as the transitory effects of declines in energy and import prices dissipate and the labor market strengthens further",-1
" The stance of monetary policy remains accommodative, thereby supporting further improvement in labor market conditions and a return to 2 percent inflation",1
Information received since the Federal Open Market Committee met in January suggests that economic activity has been expanding at a moderate pace despite the global economic and financial developments of recent months,1
" Household spending has been increasing at a moderate rate, and the housing sector has improved further; however, business fixed investment and net exports have been soft",1
" A range of recent indicators, including strong job gains, points to additional strengthening of the labor market",1
" Inflation picked up in recent months; however, it continued to run below the Committee's 2 percent longer-run objective, partly reflecting declines in energy prices and in prices of non-energy imports",-1
" Market-based measures of inflation compensation remain low; survey-based measures of longer-term inflation expectations are little changed, on balance, in recent months",-1
" The Committee currently expects that, with gradual adjustments in the stance of monetary policy, economic activity will expand at a moderate pace and labor market indicators will continue to strengthen",1
" Inflation is expected to remain low in the near term, in part because of earlier declines in energy prices, but to rise to 2 percent over the medium term as the transitory effects of declines in energy and import prices dissipate and the labor market strengthens further",-1
" The stance of monetary policy remains accommodative, thereby supporting further improvement in labor market conditions and a return to 2 percent inflation",1
" Inflation has continued to run below the Committee's 2 percent longer-run objective, partly reflecting declines in energy prices and in prices of non-energy imports",-1
" Market-based measures of inflation compensation declined further; survey-based measures of longer-term inflation expectations are little changed, on balance, in recent months",-1
" The Committee currently expects that, with gradual adjustments in the stance of monetary policy, economic activity will expand at a moderate pace and labor market indicators will continue to strengthen",1
" Inflation is expected to remain low in the near term, in part because of the further declines in energy prices, but to rise to 2 percent over the medium term as the transitory effects of declines in energy and import prices dissipate and the labor market strengthens further",-1
" The stance of monetary policy remains accommodative, thereby supporting further improvement in labor market conditions and a return to 2 percent inflation",1
" Household spending and business fixed investment have been increasing at solid rates in recent months, and the housing sector has improved further; however, net exports have been soft",1
" A range of recent labor market indicators, including ongoing job gains and declining unemployment, shows further improvement and confirms that underutilization of labor resources has diminished appreciably since early this year",-1
" Inflation has continued to run below the Committee's 2 percent longer-run objective, partly reflecting declines in energy prices and in prices of non-energy imports",-1
 Market-based measures of inflation compensation remain low; some survey-based measures of longer-term inflation expectations have edged down,-1
" The Committee currently expects that, with gradual adjustments in the stance of monetary policy, economic activity will continue to expand at a moderate pace and labor market indicators will continue to strengthen",1
" Overall, taking into account domestic and international developments, the Committee sees the risks to the outlook for both economic activity and the labor market as balanced",1
 Inflation is expected to rise to 2 percent over the medium term as the transitory effects of declines in energy and import prices dissipate and the labor market strengthens further,1
"The Committee judges that there has been considerable improvement in labor market conditions this year, and it is reasonably confident that inflation will rise, over the medium term, to its 2 percent objective",1
" Given the economic outlook, and recognizing the time it takes for policy actions to affect future economic outcomes, the Committee decided to raise the target range for the federal funds rate to 1/4 to 1/2 percent",1
" The stance of monetary policy remains accommodative after this increase, thereby supporting further improvement in labor market conditions and a return to 2 percent inflation",1
" Household spending and business fixed investment have been increasing at solid rates in recent months, and the housing sector has improved further; however, net exports have been soft",1
" Nonetheless, labor market indicators, on balance, show that underutilization of labor resources has diminished since early this year",-1
" Inflation has continued to run below the Committee's longer-run objective, partly reflecting declines in energy prices and in prices of non-energy imports",-1
" The Committee expects that, with appropriate policy accommodation, economic activity will expand at a moderate pace, with labor market indicators continuing to move toward levels the Committee judges consistent with its dual mandate",1
 The Committee continues to see the risks to the outlook for economic activity and the labor market as nearly balanced but is monitoring global economic and financial developments,1
 Inflation is anticipated to remain near its recent low level in the near term but the Committee expects inflation to rise gradually toward 2 percent over the medium term as the labor market improves further and the transitory effects of declines in energy and import prices dissipate,-1
" In determining whether it will be appropriate to raise the target range at its next meeting, the Committee will assess progress--both realized and expected--toward its objectives of maximum employment and 2 percent inflation",1
 The Committee anticipates that it will be appropriate to raise the target range for the federal funds rate when it has seen some further improvement in the labor market and is reasonably confident that inflation will move back to its 2 percent objective over the medium term,1
"
      When the Committee decides to begin to remove policy accommodation, it will take a balanced approach consistent with its longer-run goals of maximum employment and inflation of 2 percent",1
" Household spending and business fixed investment have been increasing moderately, and the housing sector has improved further; however, net exports have been soft",1
" On balance, labor market indicators show that underutilization of labor resources has diminished since early this year",-1
" Inflation has continued to run below the Committee's longer-run objective, partly reflecting declines in energy prices and in prices of non-energy imports",-1
 Recent global economic and financial developments may restrain economic activity somewhat and are likely to put further downward pressure on inflation in the near term,-1
" Nonetheless, the Committee expects that, with appropriate policy accommodation, economic activity will expand at a moderate pace, with labor market indicators continuing to move toward levels the Committee judges consistent with its dual mandate",1
 The Committee continues to see the risks to the outlook for economic activity and the labor market as nearly balanced but is monitoring developments abroad,1
 Inflation is anticipated to remain near its recent low level in the near term but the Committee expects inflation to rise gradually toward 2 percent over the medium term as the labor market improves further and the transitory effects of declines in energy and import prices dissipate,-1
 The Committee anticipates that it will be appropriate to raise the target range for the federal funds rate when it has seen some further improvement in the labor market and is reasonably confident that inflation will move back to its 2 percent objective over the medium term,1
"
      When the Committee decides to begin to remove policy accommodation, it will take a balanced approach consistent with its longer-run goals of maximum employment and inflation of 2 percent",1
" On balance, a range of labor market indicators suggests that underutilization of labor resources has diminished since early this year",-1
" Inflation continued to run below the Committee's longer-run objective, partly reflecting earlier declines in energy prices and decreasing prices of non-energy imports",-1
" The Committee expects that, with appropriate policy accommodation, economic activity will expand at a moderate pace, with labor market indicators continuing to move toward levels the Committee judges consistent with its dual mandate",1
 The Committee continues to see the risks to the outlook for economic activity and the labor market as nearly balanced,1
" Inflation is anticipated to remain near its recent low level in the near term, but the Committee expects inflation to rise gradually toward 2 percent over the medium term as the labor market improves further and the transitory effects of earlier declines in energy and import prices dissipate",-1
 The Committee anticipates that it will be appropriate to raise the target range for the federal funds rate when it has seen some further improvement in the labor market and is reasonably confident that inflation will move back to its 2 percent objective over the medium term,1
"
      When the Committee decides to begin to remove policy accommodation, it will take a balanced approach consistent with its longer-run goals of maximum employment and inflation of 2 percent",1
 The pace of job gains picked up while the unemployment rate remained steady,-1
" On balance, a range of labor market indicators suggests that underutilization of labor resources diminished somewhat",-1
" Inflation continued to run below the Committee's longer-run objective, partly reflecting earlier declines in energy prices and decreasing prices of non-energy imports; energy prices appear to have stabilized",-1
" The Committee expects that, with appropriate policy accommodation, economic activity will expand at a moderate pace, with labor market indicators continuing to move toward levels the Committee judges consistent with its dual mandate",1
 The Committee continues to see the risks to the outlook for economic activity and the labor market as nearly balanced,1
" Inflation is anticipated to remain near its recent low level in the near term, but the Committee expects inflation to rise gradually toward 2 percent over the medium term as the labor market improves further and the transitory effects of earlier declines in energy and import prices dissipate",-1
 The Committee anticipates that it will be appropriate to raise the target range for the federal funds rate when it has seen further improvement in the labor market and is reasonably confident that inflation will move back to its 2 percent objective over the medium term,1
"
      When the Committee decides to begin to remove policy accommodation, it will take a balanced approach consistent with its longer-run goals of maximum employment and inflation of 2 percent",1
 A range of labor market indicators suggests that underutilization of labor resources was little changed,-1
" Business fixed investment softened, the recovery in the housing sector remained slow, and exports declined",-1
" Inflation continued to run below the Committee's longer-run objective, partly reflecting earlier declines in energy prices and decreasing prices of non-energy imports",-1
 The Committee continues to see the risks to the outlook for economic activity and the labor market as nearly balanced,1
" Inflation is anticipated to remain near its recent low level in the near term, but the Committee expects inflation to rise gradually toward 2 percent over the medium term as the labor market improves further and the transitory effects of declines in energy and import prices dissipate",-1
 The Committee anticipates that it will be appropriate to raise the target range for the federal funds rate when it has seen further improvement in the labor market and is reasonably confident that inflation will move back to its 2 percent objective over the medium term,1
"
       When the Committee decides to begin to remove policy accommodation, it will take a balanced approach consistent with its longer-run goals of maximum employment and inflation of 2 percent",1
 A range of labor market indicators suggests that underutilization of labor resources continues to diminish,-1
 Household spending is rising moderately; declines in energy prices have boosted household purchasing power,1
" Business fixed investment is advancing, while the recovery in the housing sector remains slow and export growth has weakened",-1
" Inflation has declined further below the Committee's longer-run objective, largely reflecting declines in energy prices",-1
" The Committee expects that, with appropriate policy accommodation, economic activity will expand at a moderate pace, with labor market indicators continuing to move toward levels the Committee judges consistent with its dual mandate",1
 The Committee continues to see the risks to the outlook for economic activity and the labor market as nearly balanced,1
" Inflation is anticipated to remain near its recent low level in the near term, but the Committee expects inflation to rise gradually toward 2 percent over the medium term as the labor market improves further and the transitory effects of energy price declines and other factors dissipate",-1
 The Committee anticipates that it will be appropriate to raise the target range for the federal funds rate when it has seen further improvement in the labor market and is reasonably confident that inflation will move back to its 2 percent objective over the medium term,1
"
       When the Committee decides to begin to remove policy accommodation, it will take a balanced approach consistent with its longer-run goals of maximum employment and inflation of 2 percent",1
"  On balance, a range of labor market indicators suggests that underutilization of labor resources continues to diminish",-1
  Household spending is rising moderately; recent declines in energy prices have boosted household purchasing power,1
"  Business fixed investment is advancing, while the recovery in the housing sector remains slow",-1
"  Inflation has declined further below the Committee’s longer-run objective, largely reflecting declines in energy prices",-1
"  The Committee expects that, with appropriate policy accommodation, economic activity will expand at a moderate pace, with labor market indicators continuing to move toward levels the Committee judges consistent with its dual mandate",1
  The Committee continues to see the risks to the outlook for economic activity and the labor market as nearly balanced,1
"  Inflation is anticipated to decline further in the near term, but the Committee expects inflation to rise gradually toward 2 percent over the medium term as the labor market improves further and the transitory effects of lower energy prices and other factors dissipate",-1
"  However, if incoming information indicates faster progress toward the Committee’s employment and inflation objectives than the Committee now expects, then increases in the target range for the federal funds rate are likely to occur sooner than currently anticipated",1
"
       When the Committee decides to begin to remove policy accommodation, it will take a balanced approach consistent with its longer-run goals of maximum employment and inflation of 2 percent",1
